[1642007297, 'B', 24.0, 0.92]
[1642979867, 'A', 15.4, -0.13]
[1641718144, 'A', 29.7, 0.43]
[1641496106, 'C', 26.3, 0.95]
[1642204542, 'A', 17.5, -0.09]
[1642192924, 'A', 19.8, -0.13]
[1641690605, 'D', 15.0, 0.72]
[1643186933, 'D', 21.9, 0.71]
[1643329537, 'C', 22.2, 0.96]
[1641365510, 'C', 23.1, -0.29]
[1643022256, 'A', 28.3, -0.41]
[1642590945, 'A', 28.8, 0.38]
[1642538376, 'A', 15.1, 0.83]
[1643018253, 'A', 23.1, -0.44]
[1641183735, 'D', 20.6, 0.84]
[1643466382, 'A', 17.5, -0.19]
[1643446399, 'B', 24.2, 0.62]
[1641223530, 'A', 25.3, 0.12]
[1643369209, 'A', 15.9, 0.33]
[1641530638, 'A', 17.3, -0.15]
[1642933163, 'B', 25.6, 0.48]
[1643485791, 'B', 29.2, -0.41]
[1642956326, 'B', 16.6, 0.66]
[1642673552, 'B', 18.6, 0.96]
[1641405215, 'D', 29.0, 0.01]
[1641983382, 'A', 25.7, -0.07]
[1641028912, 'B', 24.9, -0.49]
[1641534903, 'A', 27.3, 0.29]
[1643612058, 'A', 24.8, -0.05]
[1643241677, 'D', 17.3, 0.53]
[1643266943, 'B', 23.1, 0.14]
[1642643578, 'D', 16.6, 0.92]
[1643300468, 'C', 25.4, -0.19]
[1643591609, 'B', 18.9, 0.44]
[1642663473, 'B', 17.4, 0.18]
[1642753643, 'B', 15.5, 0.74]
[1643555301, 'A', 19.1, -0.49]
[1642711896, 'B', 17.3, -0.27]
[1641699560, 'C', 25.6, -0.16]
[1642736012, 'B', 25.7, 0.08]
[1642816284, 'B', 26.8, -0.48]
[1642184702, 'A', 19.9, 0.82]
[1643459826, 'A', 18.8, -0.16]
[1642268835, 'B', 28.9, -0.08]
[1642453164, 'A', 25.4, -0.06]
[1643258090, 'A', 27.1, -0.22]
[1643169259, 'B', 21.7, -0.05]
[1642155893, 'C', 22.0, 0.35]
[1642129103, 'D', 20.1, -0.48]
[1641226526, 'C', 22.7, 0.4]
[1641773014, 'B', 17.9, 0.43]
[1641199315, 'C', 26.5, 0.51]
[1641002249, 'A', 21.1, 0.55]
[1641121063, 'A', 27.7, 0.04]
[1641593688, 'A', 18.7, 0.59]
[1642346993, 'D', 29.8, 0.33]
[1643330089, 'A', 22.2, 0.49]
[1642517146, 'A', 26.8, -0.04]
[1643219809, 'A', 27.7, -0.37]
[1642276722, 'A', 29.5, 0.61]
[1642684302, 'D', 29.0, 0.39]
[1642233134, 'C', 25.1, -0.24]
[1643346102, 'C', 29.1, 0.56]
[1642077330, 'A', 19.0, -0.43]
[1643436405, 'A', 27.3, 0.73]
[1642174004, 'B', 16.9, -0.06]
[1643220843, 'A', 28.6, -0.31]
[1643544709, 'A', 27.4, 0.06]
[1642921918, 'A', 25.7, -0.35]
[1643023742, 'C', 27.7, 0.42]
[1643395905, 'B', 29.9, 0.9]
[1642998888, 'B', 20.2, -0.01]
[1641801289, 'C', 15.7, 0.61]
[1641991699, 'B', 25.9, -0.04]
[1641508664, 'A', 28.2, 0.35]
[1642871167, 'B', 28.4, 0.83]
[1643486191, 'D', 29.1, -0.22]
[1641426316, 'A', 15.4, 0.19]
[1641727735, 'B', 21.6, 0.6]
[1643433620, 'D', 27.5, -0.15]
[1643172294, 'A', 15.1, 0.83]
[1642888281, 'A', 21.2, -0.09]
[1642564970, 'C', 15.0, -0.38]
[1642787953, 'A', 19.6, 0.6]
[1641169613, 'A', 15.9, 0.92]
[1642109050, 'A', 16.9, 0.41]
[1642998809, 'C', 27.0, -0.43]
[1643083799, 'B', 15.9, 0.26]
[1643383107, 'A', 15.2, 0.81]
[1642786877, 'A', 24.0, -0.24]
[1643565574, 'B', 24.1, 0.79]
[1641446965, 'B', 25.2, -0.23]
[1641122425, 'A', 17.1, -0.11]
[1643367092, 'A', 28.9, 0.41]
[1641797654, 'B', 26.7, 0.01]
[1641279657, 'A', 22.6, 0.2]
[1642103546, 'A', 22.2, -0.14]
[1643503315, 'D', 21.5, 0.72]
[1641695034, 'C', 23.0, 0.65]
[1641632342, 'B', 15.2, -0.4]
[1643643618, 'B', 26.8, 0.76]
[1641796838, 'C', 19.7, -0.24]
[1642392268, 'B', 28.8, -0.21]
[1641014640, 'A', 16.0, 0.12]
[1641324989, 'A', 22.4, 0.96]
[1641908561, 'B', 16.4, 0.12]
[1643198625, 'A', 29.1, -0.09]
[1642017975, 'A', 17.1, 0.47]
[1641294764, 'B', 19.9, 0.94]
[1643285560, 'B', 22.2, 0.59]
[1643279888, 'A', 24.6, 0.95]
[1643155380, 'D', 23.3, 0.75]
[1642494374, 'A', 24.5, 0.97]
[1641486396, 'A', 29.3, -0.27]
[1642833241, 'A', 16.9, 0.94]
[1641490054, 'D', 26.4, -0.41]
[1642298029, 'B', 16.0, -0.43]
[1643200104, 'D', 25.8, 0.15]
[1641886519, 'D', 24.7, -0.22]
[1641773473, 'B', 24.5, 0.8]
[1641973201, 'D', 28.4, 0.07]
[1642405502, 'B', 16.2, -0.14]
[1641052509, 'A', 15.1, 0.14]
[1642014769, 'A', 18.4, 0.4]
[1641734107, 'A', 29.7, -0.09]
[1642976472, 'A', 28.0, 0.3]
[1643274713, 'B', 25.5, 0.36]
[1643200242, 'A', 22.1, 0.33]
[1642499230, 'B', 24.4, -0.35]
[1642291196, 'D', 25.2, -0.01]
[1643415313, 'A', 19.1, 0.42]
[1643126841, 'A', 22.3, 0.82]
[1641072964, 'A', 27.5, 0.59]
[1641617786, 'B', 21.0, 0.89]
[1642745449, 'B', 16.9, 0.99]
[1642503579, 'B', 22.4, -0.24]
[1642808584, 'B', 16.0, -0.25]
[1641448979, 'D', 19.2, 0.39]
[1643387752, 'B', 18.7, 0.7]
[1642209552, 'A', 29.1, 0.97]
[1641657707, 'B', 22.8, -0.48]
[1641932096, 'D', 29.3, 0.32]
[1642334128, 'B', 28.9, 0.99]
[1643286689, 'B', 23.5, -0.14]
[1643069473, 'A', 21.2, 0.8]
[1643237312, 'D', 19.9, 0.59]
[1643305046, 'B', 22.6, 0.11]
[1643006858, 'A', 25.8, 0.44]
[1641118543, 'B', 19.4, -0.44]
[1641721933, 'A', 29.8, 0.78]
[1642362359, 'A', 28.6, -0.19]
[1642695017, 'B', 26.2, 0.7]
[1642866846, 'C', 28.1, 0.37]
[1641131293, 'A', 26.9, -0.25]
[1641669022, 'B', 25.4, -0.5]
[1642077679, 'C', 17.1, 0.48]
[1641162608, 'B', 17.9, 0.97]
[1642466065, 'A', 26.2, -0.44]
[1641747715, 'A', 21.6, -0.38]
[1641179255, 'B', 28.6, 0.1]
[1641025476, 'D', 26.9, -0.09]
[1641887513, 'B', 21.9, -0.26]
[1641240111, 'A', 23.3, 0.25]
[1641176351, 'B', 16.2, 0.79]
[1641602145, 'A', 24.2, 0.09]
[1641052180, 'A', 22.8, 0.92]
[1642323386, 'A', 15.7, -0.43]
[1642965039, 'B', 19.4, -0.45]
[1643055501, 'A', 20.5, -0.22]
[1643332717, 'A', 23.3, 0.53]
[1642993666, 'B', 15.1, 0.55]
[1643202210, 'B', 16.0, -0.44]
[1643608564, 'A', 22.0, 0.54]
[1642643134, 'A', 29.3, -0.38]
[1642118990, 'A', 16.9, 0.94]
[1641944569, 'A', 29.8, 0.38]
[1642924077, 'A', 20.8, -0.11]
[1643082558, 'D', 18.9, -0.48]
[1642578440, 'D', 26.3, 0.78]
[1643263720, 'B', 26.1, -0.13]
[1642530880, 'A', 25.4, -0.36]
[1641663697, 'B', 16.2, -0.18]
[1643304612, 'D', 24.4, 0.62]
[1642875658, 'A', 19.4, 0.19]
[1643485067, 'D', 15.4, -0.24]
[1641256049, 'B', 29.9, 0.67]
[1641514822, 'A', 25.8, -0.06]
[1641861863, 'A', 15.9, 0.05]
[1642228459, 'A', 16.8, 0.01]
[1643114965, 'D', 18.5, 0.14]
[1643049911, 'A', 26.7, 0.49]
[1643015290, 'A', 18.7, 0.36]
[1642066679, 'D', 26.6, 0.71]
[1642335349, 'B', 27.8, -0.42]
[1641493582, 'B', 18.5, -0.22]
[1642673322, 'D', 17.0, -0.18]
[1642560412, 'B', 20.2, 0.93]
[1643080092, 'A', 26.0, -0.41]
[1641667269, 'C', 29.3, -0.14]
[1642134416, 'B', 29.4, 0.29]
[1641683994, 'A', 21.0, -0.17]
[1641251043, 'A', 21.3, 0.19]
[1642333627, 'C', 16.5, -0.44]
[1642001391, 'B', 22.2, -0.49]
[1642713455, 'B', 25.0, -0.03]
[1642894855, 'D', 20.8, 0.68]
[1642595026, 'A', 27.7, -0.44]
[1641495990, 'A', 29.1, 0.39]
[1641491410, 'A', 15.7, 0.42]
[1641156967, 'C', 29.7, -0.24]
[1642621550, 'A', 28.2, 0.45]
[1643296246, 'B', 19.1, 0.37]
[1642051027, 'B', 18.1, 0.93]
[1643175281, 'A', 18.6, 0.04]
[1642470362, 'B', 19.6, 0.83]
[1641853689, 'A', 20.7, -0.21]
[1643058535, 'C', 25.4, -0.24]
[1641526023, 'A', 21.3, 0.51]
[1642454561, 'A', 15.3, 0.87]
[1643048218, 'A', 28.1, 0.38]
[1642237750, 'A', 24.7, 0.77]
[1641035389, 'A', 26.6, 0.7]
[1641919997, 'C', 28.4, 0.3]
[1643179763, 'C', 27.9, 0.79]
[1642560238, 'A', 21.6, -0.07]
[1642481012, 'B', 24.3, -0.24]
[1642565126, 'A', 25.2, 0.59]
[1641916665, 'A', 18.2, -0.29]
[1643136224, 'B', 21.5, 0.33]
[1641021127, 'A', 20.6, -0.04]
[1643401864, 'A', 24.9, -0.03]
[1643525833, 'D', 29.2, -0.38]
[1643478503, 'C', 17.0, 0.73]
[1643023251, 'A', 16.8, 0.12]
[1642169811, 'C', 28.1, 0.74]
[1641522956, 'C', 26.3, 0.78]
[1642003213, 'D', 20.8, -0.05]
[1641637852, 'C', 19.6, 0.92]
[1641581888, 'D', 25.9, 0.62]
[1641460938, 'A', 15.4, 0.6]
[1642108940, 'B', 20.8, 0.82]
[1642832162, 'A', 25.3, 0.83]
[1643105353, 'A', 15.5, -0.33]
[1642229733, 'A', 23.5, 0.55]
[1642578687, 'C', 24.8, 0.11]
[1643231092, 'C', 29.3, 0.25]
[1641944262, 'D', 19.2, -0.36]
[1641314465, 'B', 25.4, 0.09]
[1643103946, 'C', 27.0, -0.49]
[1641571371, 'A', 17.2, 0.64]
[1642936698, 'B', 21.9, -0.45]
[1641879997, 'B', 25.0, 0.73]
[1643466846, 'A', 19.4, 0.5]
[1642279261, 'A', 24.2, 0.77]
[1641265248, 'B', 28.5, 0.14]
[1641857027, 'A', 20.1, 0.7]
[1642870956, 'A', 19.8, 0.77]
[1641990421, 'A', 17.7, 0.7]
[1643499795, 'D', 29.7, 0.75]
[1641770013, 'A', 27.3, 0.02]
[1641695624, 'A', 18.5, 0.85]
[1641024710, 'A', 23.8, -0.31]
[1642853847, 'B', 17.3, -0.28]
[1641194190, 'C', 17.3, 0.47]
[1641896148, 'B', 23.8, 0.89]
[1642427930, 'A', 20.7, 0.86]
[1641674333, 'B', 18.7, 0.81]
[1641491778, 'A', 27.4, 0.38]
[1641793097, 'A', 15.0, 0.12]
[1642598215, 'D', 26.7, -0.05]
[1642629939, 'C', 16.3, 0.6]
[1643228252, 'A', 24.3, 0.86]
[1642482488, 'B', 22.4, 0.4]
[1643263784, 'A', 23.6, 0.55]
[1641748654, 'D', 23.7, -0.01]
[1641995709, 'A', 29.2, -0.1]
[1642221026, 'B', 17.0, 0.73]
[1643444658, 'B', 15.9, 0.07]
[1642851022, 'A', 22.7, 0.07]
[1643122625, 'B', 26.2, 0.77]
[1642631151, 'A', 25.5, -0.37]
[1643617563, 'A', 21.3, -0.49]
[1642970052, 'A', 28.2, 0.49]
[1641377666, 'B', 23.1, 0.33]
[1642456004, 'B', 28.0, 0.81]
[1642628721, 'B', 21.4, -0.15]
[1641685232, 'B', 15.6, 0.77]
[1643061787, 'B', 18.0, 0.79]
[1643668236, 'D', 29.0, 0.95]
[1642364939, 'C', 15.0, -0.12]
[1642954412, 'B', 29.4, -0.36]
[1641557579, 'A', 18.4, 0.14]
[1640998657, 'A', 25.0, -0.42]
[1643125590, 'D', 20.4, -0.27]
[1642747575, 'A', 18.8, 0.52]
[1641061953, 'B', 25.6, 0.61]
[1643121415, 'D', 19.0, 0.95]
[1642749884, 'A', 26.8, 0.53]
[1641367027, 'B', 26.4, 0.04]
[1642385850, 'A', 27.6, -0.46]
[1641201849, 'A', 17.8, 0.33]
[1642094780, 'B', 22.6, 0.6]
[1641785260, 'A', 25.4, 0.4]
[1643293781, 'A', 27.7, 0.08]
[1643320219, 'B', 29.8, 0.96]
[1642816784, 'A', 20.2, -0.05]
[1642008465, 'B', 19.2, 0.82]
[1642098033, 'A', 17.1, -0.41]
[1642290425, 'B', 15.9, -0.38]
[1641859452, 'A', 21.2, -0.44]
[1641223754, 'B', 20.1, -0.5]
[1641205504, 'D', 28.3, -0.38]
[1643307847, 'D', 15.6, 0.39]
[1642257114, 'A', 25.8, 0.81]
[1642644552, 'A', 26.8, 0.48]
[1643664066, 'B', 25.9, -0.12]
[1643584867, 'B', 17.6, 0.47]
[1641153560, 'A', 20.0, 0.66]
[1642293208, 'A', 26.2, 0.31]
[1643242104, 'B', 26.2, 0.02]
[1642514112, 'B', 27.2, 0.18]
[1642922997, 'B', 21.3, -0.2]
[1641062697, 'B', 18.5, -0.05]
[1641758350, 'C', 29.6, -0.32]
[1640995499, 'A', 20.5, 0.82]
[1643623013, 'B', 27.1, -0.46]
[1641415676, 'A', 26.3, 0.04]
[1642120769, 'A', 21.4, 0.62]
[1643610505, 'B', 19.7, -0.17]
[1642148316, 'B', 18.4, -0.07]
[1642910657, 'A', 29.8, 0.1]
[1641338432, 'C', 23.3, 0.37]
[1643156759, 'B', 26.1, -0.47]
[1641703126, 'B', 16.8, -0.33]
[1642532957, 'C', 27.7, 0.04]
[1641502289, 'A', 25.5, 0.5]
[1642022839, 'B', 19.1, 0.63]
[1642228464, 'C', 24.4, 0.05]
[1643149901, 'A', 16.5, 0.88]
[1643636178, 'C', 19.3, 0.69]
[1642200637, 'A', 20.8, -0.01]
[1642660606, 'B', 23.7, -0.38]
[1642641114, 'C', 22.7, -0.32]
[1641644453, 'B', 23.9, 0.53]
[1642444559, 'B', 16.2, -0.06]
[1641221732, 'A', 22.2, 0.62]
[1643338755, 'A', 15.9, -0.13]
[1642520312, 'D', 20.6, 0.33]
[1643162138, 'B', 24.6, 0.13]
[1643194482, 'B', 25.6, 0.22]
[1643462101, 'B', 20.9, 0.47]
[1642586716, 'A', 21.4, -0.12]
[1641730576, 'B', 26.7, -0.06]
[1643267929, 'C', 21.6, 0.85]
[1643475131, 'C', 24.7, 0.38]
[1643609524, 'C', 27.7, 0.11]
[1643513834, 'B', 29.6, 0.38]
[1641802873, 'D', 25.9, 0.23]
[1641519558, 'A', 17.3, 0.59]
[1642462290, 'D', 17.7, 0.49]
[1642671266, 'B', 29.7, -0.5]
[1641379449, 'A', 19.6, 0.59]
[1643462171, 'A', 23.4, 0.28]
[1642244302, 'A', 18.0, 0.27]
[1641320741, 'B', 22.1, 0.72]
[1642933348, 'D', 18.7, 0.85]
[1641030696, 'A', 27.1, -0.4]
[1642111721, 'C', 20.4, 0.86]
[1641318819, 'B', 19.4, 0.45]
[1641276155, 'A', 26.2, 0.16]
[1643467884, 'A', 19.5, 0.9]
[1641431171, 'A', 26.1, 0.58]
[1642693067, 'A', 19.3, -0.1]
[1643643276, 'A', 23.1, 0.85]
[1643363475, 'B', 23.0, 0.48]
[1642869621, 'D', 27.4, 0.65]
[1642631700, 'A', 20.7, -0.3]
[1643411202, 'D', 16.6, 0.04]
[1641383944, 'A', 26.6, 0.79]
[1642597592, 'A', 28.7, 0.16]
[1643430027, 'A', 15.4, -0.22]
[1641690176, 'A', 19.9, 0.14]
[1641848912, 'A', 25.1, 0.11]
[1641945747, 'C', 24.0, 0.76]
[1641332380, 'D', 24.3, -0.44]
[1642490109, 'D', 23.6, 0.43]
[1643609731, 'A', 27.5, -0.2]
[1642544306, 'A', 26.2, 0.43]
[1641382559, 'A', 20.7, -0.08]
[1642438640, 'B', 17.7, 0.4]
[1642038032, 'B', 24.8, -0.07]
[1641756065, 'A', 26.4, 0.62]
[1641780695, 'D', 15.3, -0.45]
[1643059949, 'D', 20.1, -0.15]
[1642827228, 'A', 16.8, 0.51]
[1642437955, 'D', 20.3, 0.31]
[1643167955, 'B', 27.3, 0.07]
[1643061950, 'A', 15.2, 0.38]
[1643556276, 'B', 22.8, 0.55]
[1642912465, 'C', 28.4, -0.28]
[1643141399, 'B', 20.7, 0.46]
[1643518727, 'B', 29.2, 0.17]
[1643652050, 'B', 17.6, 0.81]
[1641043428, 'A', 20.5, -0.03]
[1643093713, 'B', 15.9, 0.54]
[1641636385, 'C', 16.2, 0.14]
[1642922217, 'D', 18.0, 0.91]
[1642040589, 'A', 28.6, 0.56]
[1641100703, 'D', 16.3, 0.34]
[1642301670, 'A', 18.2, 0.39]
[1642911401, 'A', 26.6, -0.43]
[1643543704, 'A', 15.8, -0.48]
[1641861143, 'B', 23.2, -0.39]
[1641369351, 'A', 26.6, 0.52]
[1641163363, 'B', 18.0, 0.46]
[1642999448, 'A', 29.6, -0.31]
[1641536663, 'D', 15.8, 0.1]
[1642620933, 'A', 27.0, -0.07]
[1641816155, 'B', 21.6, 0.25]
[1641340417, 'C', 27.8, 0.31]
[1641050853, 'B', 15.3, -0.34]
[1641016378, 'B', 27.6, -0.27]
[1642952351, 'A', 19.9, -0.06]
[1643529073, 'A', 28.6, -0.23]
[1641902447, 'A', 16.5, 0.93]
[1642257947, 'D', 23.0, 0.99]
[1641218426, 'A', 29.9, -0.05]
[1641018756, 'C', 20.7, 0.97]
[1642082638, 'A', 19.3, 0.67]
[1642095246, 'A', 28.5, -0.18]
[1641967269, 'A', 21.6, 0.07]
[1641260230, 'A', 29.0, 0.05]
[1642573210, 'C', 26.6, 0.94]
[1641831824, 'C', 18.3, 0.64]
[1642633461, 'A', 28.7, 0.6]
[1642789344, 'C', 21.4, 0.83]
[1642234608, 'B', 20.8, 0.94]
[1643559997, 'A', 26.8, -0.09]
[1643019267, 'B', 29.6, -0.38]
[1643092394, 'B', 28.6, 0.46]
[1642010708, 'C', 27.9, 0.39]
[1642028994, 'B', 23.6, 0.4]
[1642801004, 'D', 15.3, -0.44]
[1643020238, 'C', 17.1, 0.41]
[1641194705, 'A', 24.0, 0.37]
[1642886170, 'C', 23.5, 0.52]
[1643429496, 'A', 15.6, 0.97]
[1642635426, 'C', 27.3, -0.35]
[1641721509, 'A', 26.8, 0.08]
[1643368544, 'A', 24.3, 0.38]
[1643551255, 'B', 21.6, 0.64]
[1641022236, 'A', 23.7, 0.31]
[1643114121, 'B', 19.3, 0.29]
[1643524162, 'B', 26.0, -0.28]
[1642980841, 'A', 23.2, 0.64]
[1641527261, 'A', 25.4, -0.34]
[1643467978, 'D', 15.5, 0.71]
[1643041108, 'B', 26.4, 0.14]
[1642093903, 'C', 29.7, -0.35]
[1643107910, 'D', 16.6, 0.3]
[1642854280, 'B', 23.6, -0.16]
[1642926619, 'A', 19.1, -0.46]
[1641105924, 'B', 19.1, 0.63]
[1642738530, 'A', 21.1, 0.56]
[1643056177, 'C', 26.2, 0.7]
[1641653062, 'C', 21.9, 0.85]
[1642742084, 'A', 21.0, 0.46]
[1643546914, 'A', 20.5, 0.18]
[1642550025, 'B', 19.8, 0.18]
[1642481515, 'D', 21.3, 0.45]
[1643107819, 'B', 17.7, -0.47]
[1641185149, 'D', 16.9, 0.58]
[1643034742, 'D', 20.9, 0.94]
[1643121818, 'A', 20.3, -0.15]
[1641036005, 'A', 22.6, -0.16]
[1641789047, 'B', 21.5, 0.92]
[1643615304, 'A', 19.8, 0.93]
[1642531694, 'D', 27.6, 0.11]
[1643014368, 'A', 21.1, 0.61]
[1642481096, 'A', 15.9, -0.48]
[1643350677, 'B', 22.4, -0.24]
[1641363619, 'D', 16.3, 0.86]
[1641848709, 'A', 22.5, 0.39]
[1641374644, 'B', 18.8, 0.1]
[1642680140, 'D', 18.0, 0.1]
[1642043260, 'D', 17.1, 0.94]
[1642837672, 'A', 16.3, -0.29]
[1643359754, 'B', 16.0, 0.5]
[1643404940, 'D', 20.4, 0.77]
[1641552032, 'A', 27.5, -0.18]
[1643507041, 'A', 28.2, 0.67]
[1642359539, 'A', 22.7, 0.44]
[1643472958, 'A', 23.1, 0.42]
[1641346542, 'A', 18.0, 0.27]
[1641618763, 'C', 24.4, -0.13]
[1643099270, 'B', 28.0, -0.28]
[1641373747, 'D', 28.8, 0.04]
[1641568466, 'C', 26.3, 0.67]
[1642994392, 'B', 23.6, -0.35]
[1642322801, 'B', 17.3, -0.38]
[1642571737, 'D', 25.7, 0.2]
[1643456923, 'B', 22.4, 0.94]
[1642145953, 'A', 28.2, 0.63]
[1642392799, 'D', 23.6, 0.87]
[1642808019, 'B', 25.4, 0.77]
[1641822230, 'A', 23.6, 0.29]
[1642945007, 'A', 27.0, -0.21]
[1643604799, 'A', 20.1, 0.55]
[1643353956, 'C', 16.6, 0.24]
[1642905683, 'A', 25.1, 0.17]
[1642146055, 'C', 23.1, 0.91]
[1642910857, 'B', 21.0, 0.01]
[1643489533, 'A', 16.0, 0.12]
[1643433538, 'A', 22.4, 0.14]
[1642525864, 'A', 18.1, 0.82]
[1642277300, 'A', 15.2, 0.5]
[1643552451, 'A', 27.9, -0.07]
[1641387294, 'B', 23.8, -0.44]
[1641858798, 'A', 24.3, 0.14]
[1642492805, 'B', 29.0, -0.4]
[1642775519, 'B', 27.3, -0.32]
[1642171150, 'D', 26.6, 0.32]
[1641677301, 'A', 20.1, -0.24]
[1642846426, 'D', 16.2, -0.02]
[1641042659, 'B', 27.4, -0.34]
[1643174411, 'C', 26.4, 0.25]
[1643424199, 'A', 18.2, 0.65]
[1643397060, 'B', 22.6, 0.24]
[1643112373, 'A', 24.0, 0.45]
[1641208734, 'A', 26.1, 0.14]
[1643172468, 'A', 27.2, 0.65]
[1642521853, 'A', 28.1, 0.46]
[1641077172, 'D', 28.3, -0.1]
[1641347837, 'B', 16.5, -0.1]
[1641769765, 'A', 29.1, 0.25]
[1641108760, 'B', 24.9, 0.41]
[1642197901, 'B', 26.5, 0.05]
[1643024082, 'A', 28.7, 0.22]
[1642514775, 'A', 19.3, 0.17]
[1643596097, 'B', 15.9, 0.9]
[1643045646, 'D', 19.3, -0.4]
[1641226064, 'C', 17.9, -0.4]
[1642381398, 'A', 26.4, 0.21]
[1641101444, 'C', 18.1, -0.44]
[1641221404, 'A', 15.7, 0.56]
[1641417181, 'B', 27.3, 0.86]
[1643108452, 'D', 23.1, 0.37]
[1643299580, 'A', 23.6, -0.21]
[1641210400, 'A', 25.5, 0.2]
[1641894775, 'B', 15.1, -0.14]
[1641037410, 'D', 29.4, 0.84]
[1643269005, 'D', 19.9, -0.41]
[1642054372, 'C', 22.7, 0.32]
[1641773138, 'B', 26.4, 0.05]
[1641361394, 'D', 20.8, -0.02]
[1642900705, 'B', 24.5, 0.07]
[1643377383, 'A', 25.1, -0.12]
[1643655680, 'A', 22.4, 0.63]
[1641848944, 'B', 27.9, -0.29]
[1643617075, 'A', 17.4, -0.11]
[1642977745, 'D', 18.4, -0.23]
[1641461751, 'B', 15.2, -0.08]
[1643117534, 'A', 21.0, 0.75]
[1643018692, 'D', 20.0, 0.84]
[1642467571, 'A', 16.6, 0.23]
[1643563161, 'A', 22.6, 0.65]
[1643207509, 'A', 24.1, 0.12]
[1643406698, 'C', 28.4, 0.41]
[1641601529, 'A', 22.9, 0.54]
[1641571469, 'A', 16.6, -0.22]
[1642149886, 'A', 15.9, 0.05]
[1641362182, 'A', 19.0, 0.43]
[1643244492, 'B', 28.0, -0.5]
[1641372083, 'C', 20.6, 0.09]
[1642148603, 'A', 25.5, -0.46]
[1642633034, 'C', 27.7, -0.08]
[1642815399, 'D', 16.4, -0.03]
[1642675750, 'A', 16.6, 0.51]
[1643017022, 'D', 16.8, 0.8]
[1641392187, 'C', 18.5, -0.21]
[1642649301, 'C', 28.7, 0.63]
[1642916974, 'A', 23.3, 0.89]
[1643057113, 'A', 26.3, 0.9]
[1642262225, 'C', 20.7, 0.13]
[1641755688, 'A', 20.8, 0.88]
[1642371090, 'D', 17.1, 0.89]
[1642173439, 'A', 17.0, 0.93]
[1642669522, 'C', 22.3, 0.41]
[1642626901, 'A', 19.1, 0.96]
[1641999785, 'A', 27.2, 0.03]
[1641970290, 'A', 20.7, 0.74]
[1642700725, 'A', 16.4, 0.23]
[1642357816, 'B', 18.9, 0.23]
[1643561909, 'D', 27.4, -0.39]
[1643338153, 'A', 17.2, 0.58]
[1643530378, 'C', 25.9, 0.5]
[1643008635, 'A', 15.2, 0.52]
[1641810534, 'D', 15.4, -0.41]
[1643545620, 'D', 15.8, -0.5]
[1641846881, 'A', 21.5, 0.45]
[1641304037, 'B', 21.7, 0.17]
[1641525590, 'B', 28.0, 0.35]
[1643432529, 'B', 27.9, -0.35]
[1641632034, 'B', 20.3, -0.09]
[1642243848, 'D', 16.3, 0.22]
[1642099834, 'B', 29.1, -0.04]
[1641586423, 'C', 24.0, 0.98]
[1642702375, 'B', 16.4, 0.67]
[1642919039, 'B', 26.6, 0.06]
[1642203845, 'A', 29.4, -0.3]
[1641610230, 'A', 28.0, 0.96]
[1642823713, 'A', 28.9, 0.49]
[1641201392, 'A', 27.1, 0.01]
[1641710716, 'A', 21.0, 0.73]
[1643479467, 'B', 20.9, -0.23]
[1641102911, 'A', 23.5, 0.22]
[1643335809, 'A', 19.1, 0.87]
[1643646586, 'D', 19.5, 0.92]
[1643196015, 'C', 20.7, -0.45]
[1643443280, 'A', 22.9, -0.23]
[1642629168, 'D', 21.1, -0.17]
[1641790864, 'B', 16.2, 0.91]
[1642069322, 'A', 16.4, 0.75]
[1641402182, 'A', 29.3, 0.88]
[1641821730, 'A', 27.7, -0.41]
[1641812718, 'C', 28.2, 0.47]
[1642242418, 'D', 29.4, 0.97]
[1643480503, 'D', 24.8, -0.49]
[1641091700, 'A', 25.6, 0.62]
[1642948160, 'D', 15.6, 0.54]
[1641137254, 'D', 24.3, 0.48]
[1643360985, 'D', 18.6, -0.11]
[1642040361, 'B', 17.3, -0.02]
[1641671417, 'D', 15.2, 0.44]
[1641869480, 'A', 25.0, -0.32]
[1643368520, 'D', 27.5, 0.06]
[1642683881, 'A', 21.2, 0.96]
[1641229005, 'A', 22.1, -0.26]
[1641481890, 'D', 19.3, 0.3]
[1643448316, 'B', 27.0, 0.22]
[1642353667, 'C', 15.2, 0.27]
[1642938405, 'B', 19.3, 0.53]
[1643370792, 'C', 26.1, 0.79]
[1641787444, 'C', 22.5, 0.68]
[1642389672, 'D', 19.2, -0.09]
[1641551526, 'C', 27.6, -0.17]
[1641807973, 'A', 15.9, 0.79]
[1642888605, 'B', 18.6, -0.36]
[1642548723, 'B', 18.3, -0.33]
[1643337816, 'B', 17.5, 0.53]
[1641632077, 'C', 21.3, -0.11]
[1642288851, 'D', 19.8, 0.86]
[1642700037, 'B', 27.5, 0.01]
[1642044167, 'A', 23.5, 0.15]
[1643173511, 'A', 23.2, 0.9]
[1642233781, 'D', 22.1, 0.36]
[1642117819, 'A', 23.3, 0.15]
[1641043003, 'A', 29.8, -0.14]
[1643345000, 'D', 18.2, 0.59]
[1642869588, 'C', 28.6, 0.6]
[1641997724, 'A', 28.3, 0.29]
[1642528684, 'B', 15.2, 0.45]
[1642692027, 'D', 22.1, -0.13]
[1641499842, 'A', 24.3, 0.53]
[1643670454, 'D', 16.4, 0.16]
[1641775316, 'B', 24.9, 0.88]
[1642669749, 'A', 17.5, 0.5]
[1643317272, 'A', 20.4, 0.58]
[1642441763, 'A', 24.7, 0.03]
[1643659280, 'A', 15.6, 0.28]
[1643309760, 'A', 23.3, -0.2]
[1641304922, 'B', 25.4, -0.3]
[1642620687, 'B', 16.6, 0.05]
[1641074898, 'C', 27.2, -0.14]
[1641534100, 'B', 17.8, 0.59]
[1641918525, 'C', 16.0, 0.09]
[1641674960, 'D', 15.0, -0.1]
[1641310026, 'B', 25.0, 0.39]
[1643518561, 'B', 24.4, 0.91]
[1642239889, 'A', 26.4, 0.22]
[1641256555, 'A', 27.5, 0.13]
[1643203889, 'C', 18.9, 0.4]
[1641637152, 'A', 16.8, -0.41]
[1642315730, 'D', 23.6, 0.97]
[1641645379, 'A', 20.2, -0.37]
[1641365289, 'D', 27.0, 0.82]
[1641475515, 'A', 19.2, 0.98]
[1642468424, 'B', 24.3, 0.57]
[1643621141, 'C', 25.0, 0.78]
[1642437897, 'D', 21.1, 0.35]
[1641188391, 'A', 18.9, 0.77]
[1642173854, 'A', 17.3, 0.04]
[1642860083, 'C', 20.8, 0.31]
[1642482330, 'A', 22.4, 0.44]
[1642550527, 'B', 28.5, 0.18]
[1643164525, 'B', 18.5, 0.72]
[1642015579, 'C', 19.4, 0.97]
[1641462824, 'C', 24.7, -0.32]
[1641587849, 'B', 21.3, -0.36]
[1641571467, 'B', 23.3, 0.12]
[1643021880, 'C', 29.8, -0.45]
[1641050586, 'A', 24.7, 0.61]
[1642830007, 'A', 23.8, 0.15]
[1642004851, 'A', 25.7, 0.12]
[1642636185, 'B', 16.0, -0.08]
[1643624547, 'D', 18.6, -0.3]
[1642537960, 'A', 26.4, -0.13]
[1641124916, 'B', 17.0, -0.01]
[1643002361, 'D', 20.9, -0.4]
[1643654327, 'D', 29.2, -0.06]
[1642210779, 'A', 19.2, 0.94]
[1641496112, 'B', 16.1, 0.24]
[1641543460, 'B', 18.7, 0.59]
[1641273910, 'B', 23.0, -0.1]
[1642951992, 'A', 24.7, 0.24]
[1641339848, 'A', 15.9, 0.33]
[1641249362, 'A', 16.2, 0.18]
[1642799899, 'B', 19.4, 0.21]
[1641732646, 'D', 17.2, -0.26]
[1642554909, 'D', 22.9, 0.65]
[1641311737, 'B', 24.2, 0.42]
[1641485721, 'A', 16.6, 0.1]
[1642425577, 'A', 26.1, -0.25]
[1641635763, 'A', 22.4, 0.6]
[1641883876, 'C', 17.3, 0.81]
[1641466723, 'A', 17.1, 0.88]
[1641171565, 'A', 17.2, 0.35]
[1643206199, 'C', 19.0, 0.55]
[1641174803, 'B', 24.4, -0.25]
[1641445143, 'A', 24.6, -0.19]
[1641194294, 'C', 21.2, -0.08]
[1641745549, 'A', 24.6, 0.25]
[1642349866, 'C', 26.8, 0.86]
[1643131903, 'B', 26.4, 0.44]
[1641946361, 'B', 23.5, 0.61]
[1641144968, 'B', 22.9, -0.47]
[1643378626, 'A', 19.6, 0.31]
[1641296264, 'C', 21.5, 0.49]
[1641340665, 'D', 25.0, 0.16]
[1643565809, 'B', 21.5, -0.47]
[1642812046, 'B', 19.3, 0.03]
[1641350947, 'A', 19.8, 0.42]
[1643601959, 'A', 19.1, 0.37]
[1643073423, 'B', 21.7, -0.17]
[1642169370, 'A', 27.4, -0.21]
[1642203879, 'A', 25.1, 0.71]
[1642426311, 'A', 16.2, 0.46]
[1642063873, 'A', 17.9, 0.74]
[1643511584, 'B', 17.2, 0.31]
[1642102176, 'A', 22.7, 0.85]
[1643517010, 'A', 27.5, -0.32]
[1642310291, 'A', 18.1, 0.28]
[1641267481, 'A', 28.9, 0.67]
[1642310794, 'A', 24.9, -0.29]
[1641237613, 'A', 20.1, 0.1]
[1643460136, 'D', 20.7, 0.26]
[1642696347, 'A', 25.3, 0.49]
[1643404898, 'A', 17.4, 0.33]
[1641938021, 'C', 17.3, 0.24]
[1643483129, 'A', 29.1, -0.03]
[1642719885, 'D', 28.4, 0.86]
[1641275421, 'C', 29.5, -0.29]
[1641291761, 'B', 15.2, -0.02]
[1642769204, 'B', 22.5, 0.97]
[1642087497, 'A', 28.5, -0.38]
[1641652878, 'B', 17.3, 0.01]
[1642643813, 'B', 29.3, 0.03]
[1641034202, 'A', 27.6, 0.33]
[1642762564, 'A', 15.3, -0.01]
[1642722417, 'C', 21.3, 0.54]
[1642474936, 'A', 27.3, 0.35]
[1642688372, 'B', 29.8, 0.97]
[1642288468, 'A', 18.7, 0.13]
[1641869937, 'B', 24.4, 0.9]
[1641820030, 'B', 29.3, 0.43]
[1641055839, 'A', 19.3, -0.19]
[1641560714, 'D', 19.2, 0.73]
[1642129323, 'C', 23.7, -0.35]
[1642788038, 'C', 21.8, -0.25]
[1641249013, 'B', 28.8, 0.44]
[1643405098, 'B', 18.1, 0.86]
[1641418549, 'B', 28.0, 0.6]
[1641700996, 'B', 27.7, 0.19]
[1641782974, 'A', 18.7, -0.21]
[1642233401, 'A', 26.1, -0.37]
[1643115953, 'A', 19.1, 0.42]
[1641627547, 'B', 19.3, 0.56]
[1642349931, 'B', 26.5, 0.43]
[1641818926, 'D', 17.6, -0.33]
[1642178916, 'A', 27.1, -0.31]
[1642200839, 'A', 24.5, 0.28]
[1643075889, 'A', 26.1, -0.4]
[1643272689, 'B', 26.8, 0.6]
[1643341905, 'B', 17.8, 0.65]
[1641304743, 'A', 21.3, -0.2]
[1643287985, 'A', 28.7, 0.88]
[1641357482, 'B', 29.2, 0.74]
[1641832474, 'C', 24.2, 0.68]
[1642761456, 'B', 17.7, -0.28]
[1641409704, 'A', 24.9, 0.56]
[1642692564, 'A', 29.3, 0.09]
[1643355459, 'A', 15.9, -0.27]
[1641687651, 'A', 25.2, 0.04]
[1643447642, 'C', 16.1, 0.51]
[1641624056, 'B', 21.2, 0.6]
[1641581254, 'B', 17.3, -0.46]
[1643300229, 'A', 29.4, 0.9]
[1641299781, 'C', 21.6, 0.49]
[1641320184, 'B', 28.6, 0.37]
[1641564742, 'B', 25.6, 0.55]
[1641697022, 'C', 22.7, 0.45]
[1641068338, 'B', 24.7, 0.03]
[1642890198, 'A', 23.5, -0.38]
[1643299343, 'D', 20.6, 0.48]
[1643238268, 'C', 21.1, 0.76]
[1641182704, 'C', 19.1, 0.17]
[1641905136, 'A', 26.5, -0.05]
[1641772571, 'C', 29.5, 0.76]
[1642745178, 'A', 29.7, -0.28]
[1641635492, 'D', 19.7, -0.01]
[1641001685, 'B', 23.5, -0.17]
[1643524415, 'A', 18.3, 0.55]
[1641302111, 'C', 23.4, 0.98]
[1643533256, 'B', 18.6, 0.44]
[1642582337, 'C', 28.5, 0.77]
[1643112229, 'B', 24.7, -0.03]
[1643369991, 'C', 24.1, 0.24]
[1642613544, 'D', 26.7, 0.12]
[1641338604, 'A', 15.9, -0.2]
[1642109666, 'A', 24.2, 0.3]
[1643294797, 'B', 21.3, -0.05]
[1641513600, 'A', 17.4, -0.08]
[1643380386, 'A', 26.5, -0.33]
[1641028613, 'A', 27.2, 0.06]
[1641869322, 'B', 23.9, -0.13]
[1641636841, 'C', 17.9, 0.89]
[1643460982, 'B', 21.9, 0.32]
[1641440389, 'A', 27.3, -0.24]
[1641877011, 'C', 18.6, 0.9]
[1641179336, 'C', 20.4, 0.09]
[1641909871, 'A', 25.3, 0.5]
[1641212784, 'A', 21.1, 0.28]
[1642354647, 'A', 17.5, -0.32]
[1643552793, 'B', 19.5, 0.91]
[1641294608, 'A', 29.5, 0.69]
[1642761559, 'B', 21.9, 0.99]
[1641885911, 'A', 17.0, 0.38]
